channel,view_count,title,description
ENA 이엔에이,2187135,5회 하이라이트 강찬석의 본캐는 죽지 않았다! 찬석의 한마디에 구사일생한 최일구 신병3,충성! 신병  돌아왔습니다7 진짜로 리턴즈했슴다! 좋은놈  나쁜놈  이상한 놈 별별 놈 모두 모인 그곳에 3배로 재밌어진 군생활!  매주 월화 밤 10시! 많은 시청 바랍니다!  신병3 ENA 신규드라마 월화드라마 ENA드라마 김민호 김동준 오대환 남태우 이상진 김요한    ENA 채널 번호 안내  Genie TV 1번 skylife 1번 HCN 1번 Btv 40번 U 72번 LG헬로비전 996번  딜라이브 58번 CMB 1번 Btv 알뜰 57번   ENA 구독   ENA 공식 홈페이지   페이스북     channel.ena   인스타그램     channel.ena
골 때리는 그녀들 Shooting Stars,224257,챌린지리그 지박령에서 G리그 우승후보가 되기까지! Ι 원더우먼 경기 후 라커룸,골때리는그녀들 168회 비하인드 마시마 사오리 FC원더우먼 FC월드클라쓰  SBS 예능  골 때리는 그녀들 매주 수요일 오후 900
SPOiler 스포일러,106753,예능매치호날두 vs 음바페 첫 맞대결은 어땠을까?신계 호날두에게 도전하는 슈퍼 루키 음바페! 레알 마드리드 vs PSGㅣ쵱내  스포티비,안녕하세요 오늘도 축구 읽어 주러 온 쵱내 입니다. (쵱내 유튜브 채널    예능보다 예능 같은 매치!  그 221번째 경기는 201718 챔피언스리그 레알 마드리드와 파리 생제르맹 간의 경기를 준비했습니다.  그럼 재미있게 봐주시고 즐거우셨다면 구독 한번 부탁드리겠습니다!!  그리고 기억에 남거나 보고 싶은 경기가 있다면 댓글 남겨주세요   그럼 다음 주에 만나요  챔피언스리그 레알마드리드 PSG
the BOB studio  더 밥 스튜디오,208833,이렇게 하면 안 망하는 거 맞지..? 성공 100 보장하는 깜짝 비법을 따라해봤습니다.(feat. 요돌 윤남노 셰프)카페 팝옾통닭 EP.02 팝옾통닭 카페팝옾통닭,성공하는 사장님은 얼굴부터 다르다..! 요리하는 돌아이 윤남노 셰프와 함께하는 성공의 법칙 파헤치기  이렇게 하면 진짜 성공하는 거 맞지? 세 사람은 무사히 성공 기원제를 마칠 수 있을까?  팝옾통닭 카페팝옾통닭 노랑통닭  카페 팝옾통닭  본 영상은 노랑통닭의 유료 광고를 포함하고 있습니다  0000 사장님의 품격 0028 슈퍼스타 화보 촬영 현장 0401 전 세계가 주목하는 귀추 0556 두 가지 매력을 지닌 자 1111 이건 기업 회장님도 못 참아 1528 남매같은 모습 2030 부자가 되기 위해 가장 먼저 해야 할 것 2444 이거 복수극 아니에요(?) 2716 눈물 없인 볼 수 없는 추억들.. 2952 팝옾통닭에 어서오세요! 3029 TO BE CONTINUED
Hebi.,1143704,Hebi  지금부터 (Onward) Official MV,Hebi 지금부터 (Onward) Official MV    hebi  헤비  지금부터      Hebi Official SNS  OFFICIAL WEVERSE    OFFICIAL X
지켜츄 Chuu Can Do It,98506,(ENG) 찰스 안 좋아하는 거? 그거 어떻게 하는 건데  츄 x 찰스엔터,츄꾸미들 안녕 . 오늘은 너무너무 만나고 싶었던 제 친구 찰스와 함께 . 저의 소울푸드 샤브샤브를 즐기고 왔답니다 . MBTI부터 음식 취향 그리고 취미까지 전부 다 맞는 찰스 . 어쩌면 우린 베프가 될 운명이었을지도? ( )  츄 찰스엔터 월간데이트  호텔식 샤브뷔페  샤브올데이! 샤브올데이를 검색해보세요!  호텔식 샤브뷔페  샤브올데이! 프리미엄 샤브샤브와 60여가지의 호텔식 뷔페를  1인가격 풀코스로 즐겨보세요!  샤브올데이 샤브뷔폐 샤브샤브  호텔샤브뷔폐 샤브월남쌈  샤브올데이 홈페이지   샤브올데이 인스타그램  sballday_official 촬영장소  샤브올데이 별내신도시점
이국주,118457,편의점 한 끼로 78 000원을 태우는 자취생이 있다? 이국주의 도쿄 정착기 일본으로 떠난 이유.. 도쿄 9평 원룸 자취 라이프  자취 꿀템 추천!,PPL 문의  backho2301gmail.com 인스타그램  gookju
와코,254206,나 고백받았다 ㅋㅋ오예,학생브이로그 겟레디윗미 GRWM   안녕하데오 여러분..? 저희 거의 3주 만이죠?  그동안 제가 영상을 올리지 못한 이유를 말해보자면    변명 1. 가출을 해서 멘탈이 제정신이 아니었음 (브이로그로 말아와요 이번주 금욜) 변명 2. 소개팅 후기 영상 찍었는데 오빠가 고백해서 무산됨 변명 3. 언제 헤어질지 모르는데 이런걸 올리는게 맞나 1주 넘게 고민함 (이게 제일 큼)  아무튼 그러한 이슈들이 있었답니다   하하  기다려주셔서 너무너무 감사할 따름이여요 앞으로 한달동안 올릴 영상들을 낉여왔으니까 우리 더 자주보아요   최근 제 근황은요.. 학원을 열심히 다니고 있어용 물론 수능 준비하는 학원은 아니고요  지금까지 배우고 싶었던 것들을 하나씩 차근차근 공부하고 있답니다 요것 또한 브이로그 야무지게 말아올게요  그리고 사무실도 어느정도 자리를 잡았어요! 아직 보수해야할 부분이 많지만 그래도 이정도면 셀프로 한것 치고는 만족! 하는 중입니다  최근에 생각이 너무 많아져서 복잡하고 조금은 힘들었걸랑요? 그래서 얼마전에 블로그에 제 개인적인 생각을 적은 글을 올렸는데  댓글들이  다 너무 따수워서 눈물이 났쟈나     그래서 영상도 올리기로 결심함 여러분 정말 보고 싶었더요 엉엉  블로그 궁금하실까봐 링크 남겨놓아요    오늘의 저메추는... 배추랑 관련된 무언가였으면 좋겠어요    양배추든 배추든.    샤브샤브에 적셔진 배추도 좋고 양배추에 닭가슴살 말아서 푹 익힌 찜도 좋고  아니면 밀푀유? 도 괜찮겠네요  아! 아니면 배추에 전분반죽 묻혀서 배추전 간장에 찍어먹어도 맛있을 것 같아요 비도 오니까 오늘은 국물류나 전류로 강력하게 추천해봄미다 흠흠  오빠랑 어떻게 되었는지는 따로 얘기하지 않을게요..!  아마 제 구독자분들이라면 다 눈치채셨을 것 같으니까요 ㅎㅎ 어제 오늘 밀린 영상들 편집하느라 4시간 밖에 못잤더니 오늘 가는 영어학원도 정말.. 가기가 싫네요   정말로요  그래도 가야죠 뭐 어쩌겠어요 ㅜㅜ  돈이 땅 판다고 나오는것도 아니고 일단 열심히 해보려고요!  오늘은 노래도 한 곡 추천하고 가겠음미당 페퍼톤스  공원여행 저도 제 구독자분한테 추천받은 노래인데요! 제가 소소한 행복을 여쭤보니까 산책하면서 노래를 듣는거라고 하시더라고요!! 이걸 들으면서 산책을 하면 기분이 한결 좋아질거라고 확신하면서 말씀하시길래 노래를 들으며 청계천을 걸었는데 그날 하루가 그리 행복하게 마무리 될 줄은 몰랐답니다  비록 오늘은 비가 오지만 장화 신고 웅덩이를 밟거나  우산에 떨어지는 빗방울들을 보는것도 작은 행복이 될 것 같아요!   여러분에게 오늘 하루가 행복하게 마무리 되길 바라며 얼마 안남은 4월도 화이팅이에요 여러분  늘 감사하고 사랑합니다  이번주 금요일에 또 봐요 안농!  Contact  sawakokim0812sandboxnetwork.net  Instagram  sawakoko13
STUDIO CHOOM 스튜디오 춤,564714,TWS(투어스) 마음 따라 뛰는 건 멋지지 않아? (4K)  STUDIO CHOOM ORIGINAL,STUDIO CHOOM ORIGINAL TWS Countdown! 스튜디오 춤 오리지널 투어스 마음 따라 뛰는 건 멋지지 않아?  청량 맛집 투어스 5개월 만에 컴백 완료 (154) 셋 하면 투어스를 따라가자 외치는 거야  TWS 투어스 SC_ORIGINAL  Stream various performance video on STUDIOCHOOM!  SUBSCRIBE YouTube  Facebook   Instagram  Naver TV
LUCY ISLAND,64697,MV LUCY  하마  ENG sub,LUCY OFFICIAL   spotify    fancafe    instagram    facebook    twitter    LUCY 루시 신예찬 최상엽 조원상 신광일
BANGTANTV,2050356,달려라 석진 EP.31  일타 겜짱을 찾아서 1,RunJin 달려라석진 진 Jin    Connect with BTS
마비노기 모바일,103533,마비노기 모바일 신규 클래스 계열 도적 UPDATE,4월 24일  출정의 바람 UPDATE 신규 클래스 계열 도적  마비노기모바일 mabinogimobile
HYBE LABELS,13730797,TWS (투어스) 마음 따라 뛰는 건 멋지지 않아? Official MV,TWS (투어스) 마음 따라 뛰는 건 멋지지 않아? Official MV  TWS 투어스 247WithUs TRY_WITH_US 마음따라뛰는건멋지지않아 Countdown   Credits  Producer  HAN SUNGSOO   VP  Kim Daun  AR  Yi Hyojin  Ahn Singyu  Jang Dahye  Kim Jiyoon  Park Shinyoung  Cho Inwook  Kim Yukyeong  Yang Chi Hwan  Visual Creative  Lee Hyemi  Kim Woojeong  Hwang Hyunjun Performance Directing  Ryu Jaehee  Jeon Jongha  Lee Haesu (Assist Directing  Yoon Hyelim  Shin Minkyung) Artist PM  Protocol  Operation  Ahn Solyang  Shin Doyun  Kim Hyejin  Park Yuri  Shim Yeonjin  Hong Ahyun  Cho Sungje  Hwang Yumi  Park Yoonjin  Che Huiling  Song Youngwoo  Production House  LIMINAL  TMTBS Director  Lafic Executive Producer  Soyoung Koo A.D  Minkyeong Kim  Seoyeon Kim Line Producer  Hyounggeun Kang  Yuseok Joung  Jungho Kee  Chanyoung Park P.A  Seungjun Choi  Chanhyuk Park  Donghwan Youn  Dongju Lee  Seunghoon Baek  Kyunghun Park  Sunghyun Park  Director of Photography  Giung Seo Focus Puller  Seungjong Lee 2nd AC  Hyukjae Yang DIT  Younji Choi 3rd AC  Junsung Cha  B CAM Director l Lafic Sub CAM  Junmo Lee  Hyunseop Song  Synchronous Recording  Kyuri Kim  Jungsik Ahn  Gaffer  Joonghyuk Jung Lighting Crew  Hyunsuk Kim  Minhyeok Baek  Daejin Kim  Bonhyeop Gu  Doohyun Han  Hwayong Chung  Jongseung Song  Byungjong Kim  Juyong Song  Jiseok Lee  Art Director  NOMESS Art Team Leader  Jungsik Lee  Chaejeong Kim  Jihyun Park  Hyojin Oh  Seoyoung Lim  Jimmy Jib  Dongjin Lee 1st Assistant  Jeonghyun Yoo 2nd Assistant  Seongeum Jung 3rd Assistant  Gwanghyun Yoo  Special Effect  Changi Min(SF)  Edit  Lafic  Colorist  Changbeen Yu (THEPOSTLAB) DI Assistant  Seowoo Kang  Yereum Yang  Sound  OV  SFX  KEYMAKER  3D VFX  Electric Leee  2D Cleaning  Kyungsik Kang  Minseo Kwon  Jurang Gong  Seoeun Kim  TItle Animation  Mareykrap  Location Management  Land Scape Location Supervisor  Sangdong Park Location Manager  Myeongjae Kim   Connect with TWS  Official Homepage   Official YouTube   Official X(Twitter)   Official Instagram   Official TikTok   Official Facebook   Official Weverse     PLEDIS Entertainment. All Rights Reserved
딩고 뮤직  dingo music,146457,Hebi  지금부터  TEXTED 헤비  가사 (Lyrics)  딩고뮤직  Dingo Music,Hebi  지금부터  TEXTED 헤비  가사 (Lyrics)  딩고뮤직  Dingo Music   지금부터 곡 정보  Artist Hebi   Lyrics by 조원상  이도훈 Composed by 조원상  EUGENE(HIGHBRID)  이도훈  O.YEON  최영훈 Arranged by 조원상  EUGENE(HIGHBRID)  이도훈  O.YEON  최영훈  딩고뮤직 (Dingo Music)   디에프 (df)   일소라 (일반인들의 소름돋는 라이브)   딩고 공식 팬 커뮤니티 (with dingo)    contact  musicbizmakeus.com  헤비 지금부터 Hebi Onward 딩고뮤직 텍스티드 DingoMusic TEXTED
쯔양밖정원,209792,코 세우고(?) 스모키 화장한 후 부모님집 냉털하러 갔더니 엄마 반응이..,본 영상은 셀리맥스에서 제작비를 지원받아 제작되었습니다.  노니앰플 대용량 에어리스 100ml 특가  대박 할인(429)   혜택1. 노니앰플 100ml  노니마스크 33 62(무료배송) 혜택2. 업그레이드된 노니마스크4매  노니앰플 17.5ml  노니키트 추가 증정! 혜택3. 추가 할인 쿠폰 2종(5천원1천원) 증정!  구독자 댓글 참여 이벤트 참여 방법  노니앰플 기대평 댓글 작성 후 아래 폼 입력 참여 링크    이벤트 기간  429(화) 2359까지  당첨자 발표  59(금) 17시 문자 개별 안내  선물  노니앰플 100ml 대용량 에어리스 (10명)  구독자 구매인증 이벤트 참여 방법  노니앰플 구매 후 아래 폼 참여 참여 링크    이벤트 기간  429(화) 2359까지  당첨자 발표  59(금) 17시 문자 개별 안내  선물  배달의 민족 기프티콘 2만원 (10명) 관련 문의  neyooncelimax.co.kr  각국어 번역 자막 제작   컨텐츠 제작의 마무리는 컨텐츠플라이! 글로벌 진출을 위한 최고의 파트너  CONTENTSFLY에서 제작되었습니다.   비지니스 메일gardenm1120gmail.com
먹어볼래TryToEat,322726,생연어 1300g에 마요네즈 비비기,연어 2000g에 마요네즈 비벼먹기.  재료 및 조리도구 정보 모음 연어 반마리  마요네즈  쪽파  새송이 버섯  양파  스리라차  날치알  데리야끼소스  와사비  BGM Artlist  영상 저작권 먹어볼래TryToEat (영상 무단도용 금지)  비즈니스 문의  이메일 trytoeat222naver.com 인스타 trytoeat222
TVING SPORTS,357721,한화 vs 롯데 423 경기 I 2025 신한 SOL뱅크 KBO 리그 I 하이라이트 I TVING,한화 vs 롯데 423 경기 I 2025 신한 SOL뱅크 KBO 리그 하이라이트 짜릿한 승부의 순간  TVING SPORTS tving.comkbohome  KBO리그 야구 티빙야구하이라이트 한화이글스 롯데자이언츠
유 퀴즈 온 더 튜브,607125,선공개 학씨 아저씨 등장에 모두 웅성웅성사뭇 다른 훤칠함(?)과 못 다했던 노래까지!유퀴즈온더블럭  YOU QUIZ ON THE BLOCK EP.290,티빙에서 스트리밍    유 퀴즈 온 더 블럭 수 저녁 8 45 tvN  티빙에서스트리밍
취미로 요리하는 남자 Yonam,77686,아저씨들이 만드는 6시간 코스요리,배가 터질 것 같은데 맛있어서 또 먹구... 모임 끝나면 2키로씩 살찌는 모임.  아저씨들 집에서도 잘합시다     인스타그램   꿀떡이 인스타   자주 묻는 질문 QnA영상    음악  If You Go  Wildflowers  Issues with You  King Sis  It Really Makes Me Wonder  Loving Caliber  Love Child  Daniel Fridell  We Fade Away  Deanz  비즈니스 문의 miromagicnaver.com  편집 김시유 yonam
MBC Sports,147426,최강 한화 2글스의 비밀! 양버지와 함께 날아오르다 I 비야인드 2025.04.21,2025 KBO 프로야구 비야인드 박소영 김선우 김강민 류선규 정세영 2위 한화 최강 한화 2글스의 비밀! 양버지와 함께 날아오르다 I 비야인드 2025.04.21  MBC SPORTS 유튜브   스톡킹 유튜브   베이스볼런치 유튜브   광고문의  kimjhmbcplus.com
DaFuq!?Boom!,16404707,skibidi toilet 78,tide of war is turning?  animation by dafuqboom  additional designs  storyboard animationprevis help StriderZ47  DeerFromOhio   music  Perturbatormusic   God Complex Death Squad Valve  Akira Yamaoka  screams by steak and his dad  ) additional particles by HoovyTube  spanish subtitles by ibio75  french subtitles by Kabyle  action figures are finally here dark speakerman  plungerman  tv woman  cameraman  titan 3pack  more available now at major retailers including  walmart    target    amazon    skibiditoilet.shop  Contact me instagram.comdafuqboomtv blugrayguygmail.com
오늘의 주우재,178393,대문자 T와 F가 함께 고민 상담해주면 벌어지는 일  진주랑 연애 고민상담소,안녕하세요 대주주 여러분 주우재입니다 오늘도 개열받는 사연 들고왔습니다ㅎ  000 하이라이트오프닝 132 고백했다가 차였습니다ㅠㅠ 605 내 남자친구는 동태 눈깔 1037 잘못된 만남 1423 판도라의 상자를 열어버렸습니다 1833 남자친구의 구속이 힘들어요ㅠㅠ 2243 클로징착장소개  인스타  네이버 카페     주우재 박진주 고민상담 Copyright  2025 Studio Episode  All Rights Reserved
Hebi  Topic,111713,Sketch (Sketch),Provided to YouTube by Kakao Entertainment  Sketch (Sketch)  Hebi  EUGENE (HIGHBRID)  Lee Dohoon  Choi Younghoon  Cho Wonsang (Lucy)  EUGENE (HIGHBRID)  Lee Dohoon  Choi Younghoon  Cho Wonsang (Lucy)  Chroma   2025 3Y CORPORATION under license to Kakao Entertainment  Released on 20250422  Author 조원상 (LUCY) Composer 조원상 (LUCY) Composer EUGENE (HIGHBRID) Composer 이도훈 Composer 최영훈 Arranger EUGENE (HIGHBRID) Arranger 이도훈 Arranger 최영훈  Autogenerated by YouTube.
하트시그널 라비티비,356887,하트페어링 7회 선공개 상상 못 할 결말이 있을지도 모르는 3일 간 계약 연애  24시간 동안 고민한 입주자들의 속마음은?ㅣ하트페어링 7회,가장 중요한 3일을 오롯이 함께할 사람 배려할 필요도  눈치 볼 필요도 없는 특별한 관계가 됩니다  계약 연애 후보 2명을 결정하기 전  남은 24시간 우재  지원  창환  하늘  제연의 속마음은?  문자를 보낸 순서대로 첫 번째 이성과 페어링! 연애할 때  우리는 어떤 모습일까요? 예측할 수 없는 3일이 시작됩니다  하트페어링 사랑 연애 결혼  결혼하고 싶은 청춘들의 낭만과 현타 충만한 연애일기 하트페어링 매주 금요일 밤 10시 50분 방송
its Live,172909,4K ILLIT(아일릿) Almond Chocolate (Korean Ver.) Band LIVE 화이트 초콜릿 요정 등장 its KPOP LIVE 잇츠라이브,잇츠라이브를 찾아온 ILLIT (아일릿)!! 좋아하는 사람에 대한 뜨거운 마음과 설레는 사랑의 감정을 아몬드초콜릿에 비유한 곡  ILLIT의 Almond Chocolate (Korean Ver.) 무대를 지금 바로 만나보세요   아일릿  Almond Chocolate (Korean Ver.)  itsLive ILLIT ILLIT_AlmondChocolate 아일릿 윤아 민주 모카 원희 이로하 밴드 KPOP 잇츠라이브
캐나다 구서방 Ku In Canada,215582,겨울왕국 캐나다에 한국 온돌을 깔았을때 가족들의 반응은?! hoyaondol 해외반응 캐나다가족반응,1년중 8개월은 눈이 오는 실사판 겨울왕국 캘거리로 호야온돌에서 따듯하게 지내라고 호야온돌을 보내 주셨습니다. 설치는 여섯살 지아도 할 수 있을 정도로 쉽구요  탄소복합소재 사용으로 뛰어난 내구성을 자랑해  냉장고 쇼파 등을 올려놓아도 아무 문제가 없다고 합니다. 호야온돌은 원적외선 90.5 효과로 몸 속부터 따뜻하게 해주고  전자파 걱정도 없다고 하는데요  특히  감기 기운이 있거나 피로할 때 누워 있으면 온몸이 찜질 효과를 경험할 수 있다고 합니다!   호야온돌 한국구매   (시공문의 15779762)  호야온돌 해외구매   (USA  Canada  Europe  Australia  New Zealand  Japan)  이 영상은 호야온돌에서 제작비를 지원받아 제작되었습니다.  오늘도 시청 해 주셔서 감사합니다!   사용장비 Gopro hero 13  Gopro hero 11  dji mini 4 pro  Galaxy s24 ultra  DJI mic 2  구서방네 콩고물이 떨어지는 링크    Instagram Peter  Jillian    Business peterku9naver.com mcconnellj.11hotmail.com  Music provided by BGM president 호야온돌 hoyaondol 해외반응 온돌해외반응 외국인반응 캐나다가족반응 온돌반응 국제커플 외국인와이프 부부 가족 일상 육아 브이로그 캐나다구서방
지하니,314543,남자친구 첫 등장ㅋ,
KBS 교양,197027,나는 내가 받은 등수에 만족한다? 트로트 경연 프로그램에 출연했던 가수 강문경  최수호의 이제는 말할 수 있다 아침마당 KBS 250422 방송,최수호 강문경 현역가왕 트로트 아침마당  나는 내가 받은 등수에 만족한다?  트로트 경연 프로그램에 출연했던 가수 강문경  최수호의 이제는 말할 수 있다     따뜻한 감동  알찬 정보 KBS 교양 공식 채널   인간극장  아침마당  이웃집찰스  2TV생생정보 등 KBS 대표 콘텐츠가 한 곳에    KBS교양 구독하기   Copyright   KBS. All rights reserved. 무단전재  재배포 및 이용(AI 학습 포함) 금지    영상 방송 시점에 따라 현 상황과 내용이 다소 다를 수 있습니다  비방 및 악성 댓글은 출연자 보호를 위해 운영자가 삭제할 수 있습니다
김쫀떡,179223,입양 온 첫날  가족이 생겼다는 걸 알게 된 아기 고양이들의 놀라운 행동 카스테라 육묘 일기,쫀떡이네카스테라 형제묘입양 카스테라육묘일기 놀랍게도 아직 입양 온 첫날 영상이라는 점..!   멤버십 오픈! 유튜브 댓글에서 쫀떡티콘 사용하러 가기    ㅡㅡㅡㅡㅡㅡㅡㅡㅡㅡㅡㅡㅡㅡㅡㅡㅡㅡㅡㅡㅡㅡㅡㅡㅡㅡㅡㅡㅡㅡㅡㅡ  인스타 zzon_ddeok_cat  쫀떡 이름의 유래  베스킨라빈스 쫀떡궁합과 색 비슷해서 지음  아메리칸 컬 (귀 펴져있음)  2018년 12월 30일 태어난 여자아이 ㅡㅡㅡㅡㅡㅡㅡㅡㅡㅡㅡㅡㅡㅡㅡㅡㅡㅡㅡㅡㅡㅡㅡㅡㅡㅡㅡㅡㅡㅡㅡㅡ  BGM
홍기종기 (이홍기),111168,FT아일랜드가 부르는 QWER  고민중독,2025 월간에프티 4월  QWER  고민중독 COVER  홍기종기 채널 구독하기   이홍기 인스타그램    비즈니스 문의 leehonggiyofcompany.com  FT아일랜드 FTISLAND QWER 고민중독 cover 홍기종기
가장(멋진)류진 petiteRyujin,437573,아빠어디가 이후 100년만에 찬호랑 데이트  가장(멋진)류진,오랜만에 찬호랑 같이 홍대에 갔는데... 뭐가 많이 바뀌었더라고요..?  조폭 떡볶이  베니건스  바이더웨이  청기와 주유소 제 추억의 장소들 기억하는 분 없으신가요??ㅠㅠ  가장(멋진)류진 X 롯데웰푸드 구독자 프로모션  식사이론 신제품 론칭 프로모션  요리가 서툰 이 시대 가장을 위한 간편식 브랜드  식사이론으로 간편하고 건강한 한 끼 해결 어떠신가요?   에어프라이어 하나로 아빠 류진이 아들 찬호에게 칭찬받은 고단백 반찬! 100 국산 돼지고기 통살 그대로의 풍미를 살린 통살쏙 한입카츠 통닭다리살을 그대로 튀겨 육즙촉촉 쫄깃식감 통닭다리살 한입카츠   식사이론 신제품 론칭 프로모션 기간에 가장의 무거운 어깨를 덜어줄 특별 할인가(무료배송)로 지금 만나보세요!  특별혜택  선착순 100명 구매고객에게 식사이론 떡튀만 430g 증정 (515kcal로 떡볶이 김말이 군만두를 즐길 수 있는 1인용 분식 간편식)   행사기간  2025.4.21(월)  2025.4.27(일)  한정수량 완판 시 조기 종료    구매링크    아빠어디가 찬호 홍대데이트  제작문의  studio_smgoyee.co.kr (오픈유어아이즈컴퍼니) 광고문의  contentsoyee.co.kr 류진인스타  kissnsay1116
SEVENTEEN,544064,S.COUPS(에스쿱스) 쿡스쿱스  너의 개학식을 기다려 편 (with.원우),S.COUPS(에스쿱스) 쿡스쿱스  너의 개학식을 기다려 편 (with.원우)  SCOUPS 에스쿱스 WONWOO 원우 SEVENTEEN 세븐틴 쿡스쿱스 COOKSCOUPS
마복필,102556,룩북이긴한데 썰만 풂  내가 만든 포카홀더 가져가셈,토크쇼   나이스고스트클럽 X 마복필 기획전   마박 조공 두 번째 이벤트  영상 시청 후 복필 착용 제품 (아더 컬러 포함) 7만원 이상 구매 시    선착순 500명에게 포토카드 홀더를 증정합니다.  4월 23일(수) 오전 11시 구매 건부터 해당됩니다.  LOOK INFO!  1 TOP  FIST BOY BIG BIG TEE (White)  BOTTOM  FFATS PLEATS BELT POCKET SKIRT (Black)  BAG  MESH DAY BACKPACK (Grey)  WALLET  3STAR RANSEL CARD WALLET (Grey)  KEYRING  FIST BOY ACRYLIC KEY CHAIN (Mix)   2 TOP  ANGEL CHECK BIG BIG HALF SHIRT (Blue)  BOTTOM  FFATS PLEATS BELT POCKET SKIRT (Black)  WALLET  3STAR RANSEL CARD WALLET (Black)   3 TOP  레귤러핏 DOT SYMBOL TEE (White)  TOP  우먼핏 DOT SYMBOL TEE (Navy)  BOTTOM  BERMUDAS TWO TUCK WORK SHORTS (Black)  BAG  MESH DAY BACKPACK (Black)  CAP  SUMMER KNIT CAP (Black)   4 TOP  FFATS BIG RIBBON MESH BIG BIG TEE (White)  BOTTOM  DOUBLE PLEATS SHORTS (Black)  CAP  LACE SKULL HUNTING CAP (Black)  WALLET  FRILL WALLET (Black)   5 TOP  PEARL NECKLACE SYMBOL BIG BIG TEE (White)  BOTTOM  CHECK BOX SHORTS (Beige)  CAP  CHECK SKULL NEWSBOY CAP (Beige)   6 TOP  HALFTONE SYMBOL TEE (Black)  BOTTOM  BERMUDAS TWO TUCK WORK SHORTS (Brown)  BAG  MESH CROSSBODY BAG (Black)     블로그   인스타 mabokpil   사클ㅋ
KBS WORLD TV,123968,ENGIND Beatpella House (Wing) TALK  STAGE (The Seasons)  KBS WORLD TV 250418,TheSeasons ParkBogum Cantabile 더시즌즈 박보검의칸타빌레  BeatpellaHouse 비트펠라하우스  Sat 0030  Rerun  Sat 600 1240 (Seoul  UTC9)   Music Bank 2023   2022   2021    Song Festival 2022   2021   2020    Never Stop! Online Compilation Concert Season 2   Season 1    Exclusive BTS Stage   Editors Pick!    LEGEND Video      Subscribe KBS WORLD TV Official Pages Youtube Subscribe Homepage    Facebook   Twitter    Instagram   Line   Android Download   IOS Download
출발! 비디오여행  MBC 공식 채널,248696,은장고 씹어 먹은 연시은! 일진 연합에 맞서는 약한영웅 CLASS 2약한영웅 Class 2  MBC 250420 방송,시리즈명 약한영웅 Class 2 공개 2025.04.25. 배급 넷플릭스 감독 유수민 배우 박지훈  려운  최민영 등  이 동영상은 배급사 또는 한국 지역을 담당하는 수입사가 인증했으며  적법한 절차를 통해 콘텐츠 자원을 공식적으로 제공받았음을 알립니다. 해당 영상 사용에 이의를 제기한 경우 콘텐츠의 사용 제한을 해제해 주시기 바랍니다.  This video is authorized and confirmed by Korean distributor. I was officially offered the content resources from the Korean distributor on the legit process. Thus  I contest the copyright report and please lift the restriction of the content.  More clips are available  iMBC    MBCiMBC 무단 전재  재배포 및 이용(AI학습 포함) 금지
숏박스,2853760,아침 점호,스케치코미디 숏박스 스튜디오지니  하이퍼 리얼리즘 코미디 신병3 지니 TV  ENA 매주 월  화 밤 10시 공개 모바일 시청은 지니 TV 모바일에서 스튜디오지니
워크맨Workman,440387,남고에 여신 강림천국은 누가 지키냐?   교생 실습  강한나  워크맨2,Job것들아    인력소장이다     지난주 예고대로    이번주는 워크맨 두 번 찾아오는 거 알제...? 오늘은 한나가 교생으로 변신해봤다     한나 등장과 함께     함성 소리가 어마어마혔지 뭐여      우리 잡것들 오늘 영상 재미있게 봐주고    이번주 금요일에 또 보자고    !!  워크맨 워크맨2 workman 알바 장성규 아르바이트 알바리뷰 극한직업 직업체험 극한알바 강한나 남고교생
캡틴따거 Captain Brother,260837,아일랜드로 놀러온 여행친구들  18 (Feat. 여행가제이  잰잰바리),여행유튜버 여행가제이와 Jayworldtraveler  잰잰바리 jaeye0nyy 가 아일랜드로 놀러왔습니다  함께 아일랜드 서쪽의 골웨이라는 도시에 놀러갔다 왔는데 아일랜드의 유명한 풍경인 모허의 절벽을 보면서 서쪽 전통인 미역 목욕을 함께 즐겨봤습니다   골웨이 미역목욕 모허의절벽
소피아패밀리(Sophia family),299240,반지하살던 그리스 아내와 드디어 신축으로 이사하고  짜장면까지 먹었을때 반응은!?,소피아패밀리 X 슈니엘 특별 할인 이벤트  1등급 미끄럼 방지 클로그 샌들 SL600 4월 21일  25일 단 5일간!  비 오는 날의 주차장도 미끄러운 기름과 세제 바닥 위에서도 완벽한 1등급 미끄럼 방지   아치서포트 설계로 발이 자주 피곤하고 평발인분들도 편하게 신을 수 있는 올인원 클로그!  정가 39 000원  33 000원  간편가입 추가할인    소피아패밀리 가족 되는법  더 많은 사진과 일상   Email  Contact.sofiafmgmail.com  음원  BGM president   Copyright 2022. Sophiafamily All Rights Reserved.  해당 채널의 모든 저작권은 소피아패밀리에 있으며 단순 링크 공유 외 공식적인 허가 없이 영상의 일부 또는 전체의 무단게시나 변경하여 사용할 수 없습니다.
짧은대본 ShortPaper,866738,연애 적응 시기,코카콜라 코크타임 CocaCola 짜릿함이 필요할 때  Coke TIME! Coke TIME 즐기고 페스티벌 가자!    멤버십 가입     광고문의  adshortenm.com 일반문의  short_papernaver.com 배우지원  short_audinaver.com 배우협업문의  castingshortenm.com
Saerom Min개코의 오픈스튜디오,189427,최초공개 얼마나 끈적하길래... 글루 글로스 대신써드림,422(화) 오후 600 오픈!  글맆 공식몰(glyfing.com) 에서  오직 첫번째 드롭 에서만! 최저가 혜택가로 글루 글로스를 만날 수 있습니다   글맆 글루 글로스 5SET (300개 한정!!!) 80 000원  25 OFF 60 000원  개당 12 000원   글맆 글루 글로스 2SET 32 000원  20 OFF 25 600원 개당 12 800원   글맆 글루 글로스 단품 16 000원  15 OFF 13 600원    EVENT 자유댓글 달아주시는 분 다섯분을 추첨하여  글루글로스 스페셜 패키지 제품(비매품)을 드려요! (당첨자발표  4월25일  개별 답댓글과 본문을 통하여)     0000 인트로 0035 글루 글로스가 출시했어요! 0042 글루 글로스 제형 0334 스페셜 키트!? 405 시크릿 QR코드!? 글루글로스 설명자료 살펴보기  0501 글루 글로스 스쿱팁 0555 글루 글로스 컬러 소개 0651 소미허니 0713 메이플글레이즈 0739 피치우즈 0803 체리구 0828 츄이버블 0858 구매 방법
이자반,226610,일본여행 첫날부터 눈 마주치는 음식 전부 먹는 브이로그,안녕하세요? 이자반입니다. 다이어트가 끝나자마자 일본으로 떠났습니다.  한달간 제 알고리즘엔 각종 먹방 영상들로 가득했는데요   특히 그 중 가장 많은 비중을 차지했던 영상이 다름아닌 일본 음식들의 소개 영상이었습니다.  워낙 일본이란 나라를 좋아하기에  졸업 여행 느낌으로 다시금 찾았는데요  그 첫 행선지는 바로 오사카입니다. 스포를 하나 하자면 현재 도쿄에 와 있구요  자그마한 단칸방에서 온종일 편집했습니다. (알아달라는거 맞는것같아요. 감사합니다.)  이제 일본여행 영상들이 쭉 올라갈텐데  열심히 편집해서 자주자주 찾아뵙겠습니다.  언제나 좋아해주시고 격려해주시고 응원해주시고 많은 사랑 보내주시는 많은 분들께 감사의 말씀 전합니다. 감사랑합니다!  비즈니스 이메일 dragonizisandboxnetwork.net  촬영장비 오즈모 액션 5 프로  노트북 레노버 아이디어패드  방문한 식당 1번 라멘  무겐 라멘   2번 라멘  킨류라멘 미도스지점(본점보다 맛있습니다)   타코야키  타코야키 와나카 도톤보리   회전초밥  대기수산회전초밥 도톤보리점   메론빵  멜론 브레드   오코노미야키  야키소바  오코노미야키 이자카야 현   착장 17473 모자  7 34사이즈 아우터 유먼트 트러커자켓(현재 품절  재발매일정 없는것으로 앎) 두번째아우터 아크테릭스 바람막이(SV라고 쓰여있는데  5년도 더 전에 아부지께 물려받은거라 정보없음) 상의 아디다스 져지  L사이즈(살짝 작음) 두번째 유먼트  블랙 하의  차콜 L사이즈 신발 나이키 필드제너럴 280 양말 할아버지가주신거 장목양말 팬티 뭐입었더라 기억안남 반지  블랙  그리고 채우닭 이벤트는 곧 발표하겠습니다. 감사합니다!
아이네 INE,158193,나 최신폰 가진 여자야,250123  250225  250405 나 최신폰 가진 여자야 S25 샀습니다 산타를 안 믿었던 아이네  아이네 생방송  데친 숙주나물    아이네 다시보기  왁물원  인스타그램
픽고 PICKGO,695478,프로 손절러,웹드라마 아싸 새로다래  새콤달달한 연애 한 번 못해본 창덕궁 다래나무의 염원을 담아 새콤달달한 다래를 가득 담은 새로 다래의 이야기가 궁금하다면?    (이 영상은 롯데칠성음료로부터 제작비를 지원받아 제작되었습니다.)
JAYKEEOUT 제이키아웃,638248,Singing live undercover pretending to be a track (ft. BEAST) BGL  Background Live  JAYKEEOUT,MANSUN HOF HANNAM     This video was sponsored by INIC   email  jaykeeoutvyoova.com instagram    2025. VYOOVA Corp. All rights reserved.
planD플랜디,496803,나혼자 제주여행  뚜벅이로 종달리마을 힐링하는 자취일상. 제주바다보며 자전거타기. 불멍,이 영상은 플로로도라의 유료광고가 포함되어 있습니다   카밍아일랜드 40 off  플랜디 할인코드 자사몰 프로모션 국내 최초 병풀꽃 추출물 수분진정 라인 카밍아일랜드  전 상품을 구독자 전용 특가로 만나볼 수 있어요!  바로가기    ついにローンチフロロドラ日本公式ショップOPEN 今だけのローンチ特価でお試しいただけます     플랜디 구독자 이벤트 상품(100명) 플로로도라 퍼밍에센스수건 리미티드 기획세트 참여방법 댓글작성(내용자유)폼작성(폼 내용 이름 전화번호 플로로도라 자사몰 회원 가입 후 아이디) 폼링크 참여기간업로드직후5월6일(화) 23시59분까지 당첨자발표 5월8일(목) 남겨 주신 연락처로 당첨자 개별 문자 알림 (자사몰 상품 쿠폰으로 지급  직접 주문하시어 수령)  We kindly ask for your understanding that this giveaway event is only open to participants residing in Korea.  この抽選イベントは韓国にお住まいの方のみご参加いただけますのでご了承ください  안녕하세요 여러분  이번 영상은 혼자 제주여행 간 일상을 가져왔어요  내내 날씨가 너무 좋았고 조용한 마을에 핀 유채꽃도 예뻤고  맛있는것도 잘 먹고 돌아온 여행이었습니다  이번 일상도 편히 봐주세요. 감사합니다    청자켓  닐바이피 25SN denim crop shirts jacket BL 반팔 원피스  닐바이피 25SN pleats long ops 스커트  룩캐스트 아일라  롱 플레어 스커트_화이트     컨텐츠 제작의 마무리는 컨텐츠플라이! 글로벌 진출을 위한 최고의 파트너  CONTENTSFLY에서 제작되었습니다.
회사원A,526819,광고 보정 진심만 100 담은 쿠션 리뷰!!ㅣ홍조모공쟁이들 당장 들어왓!,얼굴이 빨개서 슬픈 아이지만... 여러분에게 도움이 됐다면 난 더 이상 슬프지 않ㅇr...  0234 정샘물 0504 파넬  0702 헤라 0939 웨이크메이크  1216 라네즈 1441 에스쁘아  1450 순위
김복순,202346,방구석에서 나홀로 부산 음식 탐방 1탄! 조방낙지 vs 비빔밀면  조방낙지낙곱새 춘하추동비빔밀면 직접만든생딸기타르트 설빙생딸기요거초코볼 고구마치즈돈까스 맥도날드상하이투움바버거,0000 조방낙지4인우동사리내가진짜떡볶이다당면수제만두15개 0930 직접만든생딸기타르트3호다람테이블레시피설빙생딸기요거초코볼 1635 맥도날드상하이투움바버거슈비투움바버거맥치킨모짜렐라버거베이컨토마토디럭스버거더블쿼터파운더치즈버거초코츄러스맥너겟8조각감자튀김양송이가득넣은크림스프 2601 춘하추동비빔밀면곱빼기3개원카츠고구마치즈돈까스2개  오늘의일기   오늘의일기   오늘의일기   오늘의일기   오늘의일기    생딸기타르트레시피다람테이블     먹방 먹방브이로그 mukbang
찰스엔터,1204729,오키나와까지 가서 아무것도 안하는vlog,연습생 여러분 안녕하세요!! 제 베프 현지랑 오키나와가서 4일 동안 푹쉬다 왔어요! 여행 가기 전에는 사실 가기 귀찮은 마음이 컸는데 다녀오니 저한테 너무 필요한 시간이었더라구요..  이번 영상도 재밌게 봐주시면 넘 감사하겠습니다!!   많이 물어봐주시는 정보!  도트 바람막이  릿킴(근데 현재 판매하지 않는 것 같아요ㅠㅠ 찾아봐도 왜 안나올까요..)  광각렌즈 정보  오즈모 포켓3 패키지 포함되어 있는 광각렌즈 사용 평소 아이폰15pro로 촬영 할 땐 넥스트 광각렌즈 0.3배율 사용 쿠팡에서 팔아요   목걸이 넘버링 십자가 목걸이 실버  선글라스 산드로 선글라스 SD6083 검정색    BGM 출처 링크  잠겨 죽어도 좋으니 너는 물처럼 내게 오라
띱 Deep,1725992,내가 좋아하는 사람은 왜 날 안 좋아할까,띱 연애  스케치코미디   짝사랑  아이디어 출처  라디오 12시엔 주현영  목동리서치 연구소 2025.4.11  후배여  김규남   선배남  윤혁준   후배친구남  윤태용   선배친구여  서수민   선배친구남  남중규
